<?xml version = "1.0" encoding = "utf-8"?>
<!DOCTYPE hibernate-configuration PUBLIC
        "-//Hibernate/Hibernate Configuration DTD 3.0//EN"
        "http://www.hibernate.org/dtd/hibernate-configuration-3.0.dtd">
<hibernate-configuration>
    <session-factory>
        <!-- Set URL -->
        <property name = "hibernate.connection.url">jdbc:postgresql://192.168.2.202:5432/demo10</property>
        <!-- Set User Name -->
        <property name = "hibernate.connection.username">user10</property>
        <!-- Set Password -->
        <property name = "hibernate.connection.password">DXU3F6</property>
        <!-- Set Driver Name -->
        <property name = "hibernate.connection.driver_class">org.postgresql.Driver</property>
        <property name = "hibernate.show_sql">true</property>
        <property name="hibernate.show_sql">true</property>
        <property name="hibernate.format_sql">true</property>
        <property name="hibernate.use_sql_comments">true</property>
        <property name="hibernate.logger.org.hibernate.SQL">DEBUG</property>
        <property name="hibernate.logger.org.hibernate.type.descriptor.sql.BasicBinder">TRACE</property>
        <property name="hibernate.bytecode.use_reflection_optimizer">false</property>


        <!-- Optional: Auto-generate schema -->
        <!-- <property name = "hibernate.hbm2ddl.auto">create</property> -->
        <mapping class="org.main.autoschoolapp.model.ClassRoom" />
        <mapping class="org.main.autoschoolapp.model.GroupCategory" />
        <mapping class="org.main.autoschoolapp.model.Instructor" />
        <mapping class="org.main.autoschoolapp.model.Lesson" />

        <mapping class="org.main.autoschoolapp.model.LessonAttendance" />
        <mapping class="org.main.autoschoolapp.model.LicenseType" />
        <mapping class="org.main.autoschoolapp.model.Role" />
        <mapping class="org.main.autoschoolapp.model.Status" />
        <mapping class="org.main.autoschoolapp.model.Student" />
        <mapping class="org.main.autoschoolapp.model.User" />
        <mapping class="org.main.autoschoolapp.model.Vehicle" />

    </session-factory>
</hibernate-configuration>
